id,director
1,John Lasseter
2,Joe Johnston
3,Forest Whitaker
4,Michael Mann
5,Peter Hyams
6,Martin Campbell
7,Rob Reiner
8,Oliver Stone
9,Renny Harlin
10,Martin Scorsese
11,Ang Lee
12,Allison Anders
13,Steve Oedekerk
14,Joseph Ruben
15,Barry Sonnenfeld
16,Richard Donner
17,Mike Figgis
18,Lesli Linka Glatter
19,Terry Gilliam
20,Chris Noonan
21,Tim Robbins
22,Paul W.S. Anderson
23,Gus Van Sant
24,Jocelyn Moorhouse
25,David Fincher
26,Mike Gabriel
27,Bryan Singer
28,Woody Allen
29,F. Gary Gray
30,Robert Rodriguez
31,Andrew Sipes
32,Steve Miner
33,Christian Duguay
34,Ridley Scott
35,John Badham
36,Stephen Frears
37,Wes Craven
38,John Woo
39,Dennis Dugan
40,Clint Eastwood
41,Mel Gibson
42,Andrew Davis
43,Reginald Hudlin
44,David O. Russell
45,William Friedkin
46,Mike Nichols
47,Michael Bay
48,Ron Howard
49,Michael Caton-Jones
50,Brad Silberling
51,Spike Lee
52,Frank Marshall
53,Tony Scott
54,Carl Franklin
55,John McTiernan
56,Jerry Zucker
57,Iain Softley
58,Robert Longo
59,Danny Cannon
60,Kevin Smith
61,Bryan Spicer
62,Irwin Winkler
63,Roland Joffé
64,Paul Verhoeven
65,Wayne Wang
66,Roger Donaldson
67,Kathryn Bigelow
68,Wesley Strick
69,Geoff Murphy
70,Alfonso Aráu
71,Richard Linklater
72,Tamra Davis
73,Herbert Ross
74,Jeremy Leven
75,Barry Levinson
76,Tim Burton
77,Brett Leonard
78,Peter Jackson
79,Randall Miller
80,Neil Jordan
81,James Ivory
82,Ivan Reitman
83,Edward Zwick
84,Stephen Gyllenhaal
85,Kenneth Branagh
86,Michael Apted
87,Wolfgang Petersen
88,Mira Nair
89,Sam Raimi
90,Robert Altman
91,Richard Rich
92,Luis Llosa
93,Roland Emmerich
94,John Pasquin
95,Frank Darabont
96,Rachel Talalay
97,David Carson
98,Rusty Cundieff
99,Lasse Hallström
100,Jon Turteltaub
101,P.J. Hogan
102,Tom Shadyac
103,Roman Polanski
104,Phillip Noyce
105,Joel Schumacher
106,Alex Proyas
107,Brian Levant
108,Charles Shyer
109,Bernardo Bertolucci
110,Peter Segal
111,Ben Stiller
112,John Dahl
113,Jan de Bont
114,Lawrence Kasdan
115,Keenen Ivory Wayans
116,Doug McHenry
117,Steven E. de Souza
118,Andrew Morahan
119,John Carpenter
120,Paul Michael Glaser
121,John Landis
122,Robert De Niro
123,John Whitesell
124,Brian De Palma
125,Richard Rush
126,Marco Brambilla
127,Sydney Pollack
128,Simon Wincer
129,Walter Hill
130,Jim Abrahams
131,Jim Sheridan
132,Dominic Sena
133,Albert Hughes
134,Stuart Baird
135,Christopher Cain
136,Jonathan Demme
137,John Singleton
138,Ted Demme
139,Penny Marshall
140,Fred Dekker
141,Mel Brooks
142,Peter Medak
143,David Anspaugh
144,Steven Spielberg
145,John Waters
146,Russell Mulcahy
147,Nora Ephron
148,Thomas Schlamme
149,Annabel Jankel
150,Ernest R. Dickerson
151,Deran Sarafian
152,Henry Selick
153,Stephen Herek
154,George P. Cosmatos
155,Gary Trousdale
156,Joel Coen
157,Kevin Yagher
158,Wolfgang Reitherman
159,Gregory Hoblit
160,Rob Cohen
161,Paul Mazursky
162,Joe Pytka
163,Roger Vadim
164,Richard Benjamin
165,Jean-Claude Van Damme
166,George Scribner
167,Alan Shapiro
168,Jean-Paul Rappeneau
169,Andrew Fleming
170,Larry Cohen
171,David Twohy
172,Andrew Bergman
173,Francis Ford Coppola
174,Danny Boyle
175,Bobby Farrelly
176,John Sayles
177,Edward Burns
178,Kevin Hooks
179,John Payson
180,Hugh Wilson
181,Danny DeVito
182,Douglas McGrath
183,Tim Pope
184,Gilbert Adler
185,Lee David Zlotoff
186,Julian Schnabel
187,Ron Shelton
188,Lana Wachowski
189,John Frankenheimer
190,Joe Chappelle
191,Stanley Donen
192,Vincente Minnelli
193,Blake Edwards
194,Alfred Hitchcock
195,Billy Wilder
196,George Cukor
197,Victor Fleming
198,Stanley Kubrick
199,Michael Curtiz
200,George Stevens
201,Michael Anderson
202,Frank Capra
203,Richard Brooks
204,Ringo Lam
205,James Foley
206,Richard Fleischer
207,Kevin Reynolds
208,Robert Stevenson
209,Ted Berman
210,Mike Leigh
211,Stephen Hopkins
212,Baz Luhrmann
213,Mel Stuart
214,Charles Crichton
215,Terry Jones
216,Ted Kotcheff
217,Alan J. Pakula
218,Abel Ferrara
219,Miloš Forman
220,Ate de Jong
221,James Cameron
222,Eric Red
223,Anthony Minghella
224,David Lean
225,Philip Kaufman
226,Peter Weir
227,John Huston
228,John Sturges
229,Michael Cimino
230,Harold Ramis
231,Jon Avnet
232,Franklin J. Schaffner
233,Stuart Rosenberg
234,Jim Jarmusch
235,William Wyler
236,Richard Attenborough
237,Alan Parker
238,Bernard Rose
239,Jonathan Frakes
240,Patrice Leconte
241,Robert Wise
242,Nicholas Meyer
243,William Shatner
244,Leonard Nimoy
245,Patricia Birch
246,Dwight H. Little
247,Jeannot Szwarc
248,Joe Alves
249,Cameron Crowe
250,Jerry Zaks
251,Robert Butler
252,Thomas Carter
253,Stephen Kessler
254,David Lynch
255,Mike Newell
256,Betty Thomas
257,Gregory Nava
258,Mark Dindal
259,Shuki Levy
260,Jay Roach
261,Jonathan Mostow
262,Luc Besson
263,Simon West
264,Ron Clements
265,Michael Ritchie
266,Robert Zemeckis
267,John Milius
268,James Mangold
269,Mark A.Z. Dippé
270,Charles Martin Smith
271,Glenn Gordon Caron
272,Kenneth Johnson
273,Guillermo del Toro
274,Curtis Hanson
275,Jean-Jacques Annaud
276,Gary Fleder
277,Robert Kurtzman
278,Félix Enríquez Alcalá
279,Jim Gillespie
280,Taylor Hackford
281,Andy Wilson
282,Andrew Niccol
283,Jeb Stuart
284,Mel Smith
285,Costa-Gavras
286,Paul Thomas Anderson
287,Peter Howitt
288,John R. Leonetti
289,Gary Goldman
290,Jon Amiel
291,Jean-Pierre Jeunet
292,Les Mayfield
293,Raja Gosnell
294,Gore Verbinski
295,Atom Egoyan
296,Kevin Costner
297,Robert Redford
298,Quentin Tarantino
299,Alfonso Cuarón
300,Mikael Salomon
301,Bob Spiers
302,Stephen Sommers
303,Antoine Fuqua
304,Frank Coraci
305,James L. Brooks
306,John McNaughton
307,Nicholas Hytner
308,Steve Boyum
309,David Mamet
310,Jake Kasdan
311,Kirk Wong
312,Mimi Leder
313,Daisy von Scherler Mayer
314,Frederik Du Chau
315,Warren Beatty
316,Don Roos
317,Harry Elfont
318,Tony Bancroft
319,Rob Bowman
320,Steven Soderbergh
321,Joe Dante
322,Cecil B. DeMille
323,Jerome Robbins
324,Fred Zinnemann
325,Carol Reed
326,John Schlesinger
327,Robert Benton
328,Hugh Hudson
329,Jim Henson
330,Jack Sholder
331,Chuck Russell
332,Joseph Zito
333,Danny Steinmann
334,Tom McLoughlin
335,John Carl Buechler
336,Rob Hedden
337,Rick Rosenthal
338,Tommy Lee Wallace
339,Dominique Othenin-Girard
340,Tom Holland
341,John Lafia
342,Jack Bender
343,Tobe Hooper
344,Brian Gibson
345,Gary Sherman
346,John Boorman
347,David Nutter
348,Gary Nelson
349,Jeff Blyth
350,Kenny Ortega
351,Randal Kleiser
352,Hendel Butoy
353,Walter Murch
354,Clyde Geronimi
355,Jack Clayton
356,Steven Lisberger
357,Ralph S. Singleton
358,Ralph Bakshi
359,David Cronenberg
360,Stephen King
361,Lewis Teague
362,Andy Tennant
363,Louis Malle
364,Don Bluth
365,John Hughes
366,Jamie Uys
367,Jeremiah S. Chechik
368,Kevin Rodney Sullivan
369,George T. Miller
370,Neil LaBute
371,Stephen Norrington
372,Mark Christopher
373,Mark Steven Johnson
374,Dan Aykroyd
375,Adrian Lyne
376,Brett Ratner
377,Jamie Blanks
378,Eric Darnell
379,John Fortenberry
380,Vincent Ward
381,Jonathan Lynn
382,Ronny Yu
383,Griffin Dunne
384,Todd Solondz
385,John Harrison
386,Tony Kaye
387,Richard LaGravenese
388,Bill Condon
389,Shekhar Kapur
390,Martin Brest
391,Andrei Konchalovsky
392,Alex Cox
393,Norton Virgien
394,John Guillermin
395,Susan Seidelman
396,John Glen
397,George Miller
398,Dean Parisot
399,Neil Abramson
400,Peter Berg
401,Brenda Chapman
402,Wes Anderson
403,John Madden
404,Peter MacDonald
405,Daniel Petrie
406,Sylvester Stallone
407,John G. Avildsen
408,Terrence Malick
409,Franco Zeffirelli
410,Paul Schrader
411,Willard Carroll
412,John Bruno
413,Willard Huyck
414,Mark L. Lester
415,Robert Iscove
416,Brian Helgeland
417,Mark Tarlov
418,Luis Mandoki
419,Donald Petrie
420,Darren Stein
421,Mike Judge
422,Risa Bramon Garcia
423,Mary Lambert
424,George Seaton
425,Jerry Jameson
426,Ted Post
427,Don Taylor
428,Mark Robson
429,David Lowell Rich
430,Roger Kumble
431,Ulu Grosbard
432,Katt Shea
433,Bob Clark
434,Bronwen Hughes
435,Walter Lang
436,Scott Silver
437,Gil Junger
438,Sam Weisman
439,Doug Liman
440,Rodman Flender
441,Thom Eberhardt
442,Richard Lester
443,Sidney J. Furie
444,Andrew Solt
445,Roger Michell
446,Josef Rusnak
447,François Girard
448,Oliver Parker
449,Tim Hill
450,Rick Famuyiwa
451,Michael Patrick Jann
452,Kinka Usher
453,Garry Marshall
454,Frank Oz
455,Brad Bird
456,Jonathan Kaplan
457,Adam Rifkin
458,Anthony Waller
459,Kevin Williamson
460,Mic Rodgers
461,Michael Rymer
462,Rand Ravich
463,Hugh Johnson
464,Michael Corrente
465,Rupert Wainwright
466,David Koepp
467,Norman Jewison
468,Tinto Brass
469,Ken Russell
470,Bruce Beresford
471,John Schultz
472,George A. Romero
473,Richard Franklin
474,Paul Brickman
475,Joshua Logan
476,Robert Aldrich
477,Malcolm D. Lee
478,Irvin Kershner
479,William Malone
480,Spike Jonze
481,Gary Sinyor
482,Michael Gornick
483,Bruce Malmuth
484,Arthur Penn
485,Steve Rash
486,Bernhard Wicki
487,Sidney Lumet
488,Martin Ritt
489,Mark Rydell
490,Jack Nicholson
491,Mike Mitchell
492,James Algar
493,Steve Carr
494,Amy Heckerling
495,Fred Schepisi
496,Bruce Timm
497,Emile Ardolino
498,Bill Duke
499,Penelope Spheeris
500,Fran Rubel Kuzui
501,Barbet Schroeder
502,Eric Blakeney
503,Jun Falkenstein
504,Ben Younger
505,Diane Keaton
506,DJ Pooh
507,Nick Gomez
508,Peter Yates
509,James Wong
510,Michael Winner
511,Allan A. Goldstein
512,David Kellogg
513,Steve Barron
514,Michael Pressman
515,Stuart Gillard
516,Stanley Kramer
517,Andrzej Bartkowiak
518,David Raynr
519,Luis Valdez
520,David Seltzer
521,Don Michael Paul
522,Howard Hawks
523,Billy Crystal
524,James Toback
525,Brian Robbins
526,Bonnie Hunt
527,Guy Hamilton
528,Steve Gordon
529,Neal Israel
530,Barbra Streisand
531,Mary Harron
532,Edward Norton
533,Damien O'Donnell
534,Davis Guggenheim
535,Gina Prince-Bythewood
536,Sofia Coppola
537,Bruce Robinson
538,Matt Williams
539,John Swanbeck
540,Roger Christian
541,Todd Phillips
542,Floyd Mutrux
543,Tom Dey
544,Peter R. Hunt
545,Lewis Gilbert
546,J. Lee Thompson
547,James Komack
548,Graham Baker
549,Craig R. Baxley
550,Gordon Parks
551,Nick Park
552,Des McAnuff
553,Lance Hool
554,King Vidor
555,Sam Wanamaker
556,David McNally
557,Nigel Cole
558,Brian G. Hutton
559,Don Coscarelli
560,Stan Winston
561,Tarsem Singh
562,David Zucker
563,Peyton Reed
564,Douglas Aarniokoski
565,Christopher McQuarrie
566,John Ottman
567,Lars von Trier
568,Boaz Yakin
569,Tony Randel
570,Anthony Hickox
571,Stephen T. Kay
572,Darren Aronofsky
573,Uli Edel
574,McG
575,"George Tillman, Jr."
576,Antony Hoffman
577,Roger Spottiswoode
578,Kevin Lima
579,M. Night Shyamalan
580,Courtney Solomon
581,Nelson Shin
582,Guy Ritchie
583,Danny Leiner
584,Nancy Meyers
585,Terence Davies
586,Patrick Lussier
587,E. Elias Merhige
588,John Wayne
589,Sean Penn
590,Francine McDougall
591,Adam Shankman
592,John R. Cherry III
593,Elaine May
594,Joseph Sargent
595,Michael Gottlieb
596,Gary Goddard
597,Mark Waters
598,Chuck Sheetz
599,Pat O'Connor
600,Demian Lichtenstein
601,John Herzfeld
602,Sheldon Lettich
603,Christopher Nolan
604,Gregory Poirier
605,Lee Tamahori
606,Sharon Maguire
607,Dennie Gordon
608,Peter Chelsom
609,Joseph L. Mankiewicz
610,George Roy Hill
611,Tony Bill
612,Ron Underwood
613,Luke Greenfield
614,John Stockwell
615,Lawrence Guterman
616,Chris Nahon
617,Hal Needham
618,John Ford
619,Michael Schultz
620,Robert Luketic
621,Jon Favreau
622,Dennis Hopper
623,Mick Garris
624,Howard Deutch
625,Michael Dinner
626,Greg Beeman
627,Christopher Crowe
628,Marisa Silver
629,Ken Wiederhorn
630,Dan O'Bannon
631,Gary David Goldberg
632,Julien Temple
633,Eddie Murphy
634,Rod Daniel
635,John Flynn
636,David S. Ward
637,Steve De Jarnatt
638,John Irvin
639,Thomas J. Wright
640,Rowdy Herrington
641,Harold Becker
642,Arthur Hiller
643,Francis Veber
644,Todd Holland
645,Michael Cristofer
646,J.B. Rogers
647,Mike Tollin
648,Victor Salva
649,Daniel Sackheim
650,Vondie Curtis-Hall
651,Harry Winer
652,Scott Hicks
653,Samuel Fuller
654,Rob Pritts
655,Don Siegel
656,Rod Lurie
657,Richard Kelly
658,David Atkins
659,Brendan Malloy
660,Mike Hodges
661,James Fargo
662,Steve Carver
663,John Moore
664,Joel Gallen
665,Michael Miller
666,Lamont Johnson
667,Jesse Dylan
668,John A. Davis
669,Jessie Nelson
670,Marc Forster
671,Matthew Robbins
672,William Sachs
673,Douglas Trumbull
674,Marlon Brando
675,Mark Pellington
676,Dewey Nicks
677,Shawn Levy
678,Patrick Read Johnson
679,Nick Cassavetes
680,Robin Budd
681,Jay Chandrasekhar
682,Randall Wallace
683,Kevin Bray
684,Simon Wells
685,Chris Wedge
686,John Lee Hancock
687,Walt Becker
688,Bill Paxton
689,Peter Bogdanovich
690,James Isaac
691,Tom Mankiewicz
692,Douglas Day Stewart
693,Martha Coolidge
694,Chris Weitz
695,Kelly Asbury
696,Phil Alden Robinson
697,Marshall Brickman
698,Dean DeBlois
699,Steven Brill
700,Craig McCracken
701,Sam Mendes
702,James Bridges
703,Miguel Arteta
704,Martin Lawrence
705,Mark Romanek
706,Desmond Davis
707,Michael Wadleigh
708,John Polson
709,Tim Story
710,Louis Leterrier
711,Burr Steers
712,Wych Kaosayananda
713,Steven Shainberg
714,Brian Koppelman
715,Jay Russell
716,Michael Moore
717,Stephen Gaghan
718,Adam Marcus
719,James Goldstone
720,Robert Greenwald
721,Charles Jarrott
722,Allan Arkush
723,William A. Fraker
724,Alan Myerson
725,Steve Beck
726,Jeff Tremaine
727,Julie Taymor
728,Otto Preminger
729,Michael Lembeck
730,Todd Haynes
731,Paul Gross
732,William A. Graham
733,Marcus Raboy
734,Albert Pyun
735,Cy Endfield
736,Franc. Reyes
737,Kurt Wimmer
738,Colin Higgins
739,Charles Stone III
740,Alexander Payne
741,Denzel Washington
742,Marc Lawrence
743,Joe Carnahan
744,Rob Marshall
745,Stephen Daldry
746,George Clooney
747,Chris Koch
748,Reggie Rock Bythewood
749,David R. Ellis
750,David Dobkin
751,Steve Trenbirth
752,Nick Castle
753,Carroll Ballard
754,Charlie Chaplin
755,Ronald F. Maxwell
756,Nicholas Ray
757,Bob Fosse
758,Mort Nathan
759,Henry Koster
760,Rob Zombie
761,Christopher Guest
762,Sam Peckinpah
763,Mitch Davis
764,Jerry Rees
765,Jim Fall
766,Rob Schmidt
767,Niki Caro
768,Troy Miller
769,George Sidney
770,Charles Herman-Wurmfeld
771,Tim Johnson
772,François Ozon
773,Gary Ross
774,Clark Johnson
775,Harald Zwart
776,Terence Young
777,Gene Kelly
778,Howard Storm
779,Len Wiseman
780,Audrey Wells
781,Émile Gaudreault
782,Hart Bochner
783,Bill L. Norton
784,Allan Moyle
785,Michael Karbelnikoff
786,James Cox
787,Uwe Boll
788,Marcus Nispel
789,Christine Jeffs
790,Billy Ray
791,Richard Curtis
792,Mathieu Kassovitz
793,Alejandro González Iñárritu
794,Terry Zwigoff
795,Rob Minkoff
796,Mario Van Peebles
797,Charles Brabin
798,Michael Lehmann
799,James Orr
800,Menahem Golan
801,Nadia Tass
802,Geoff Burrowes
803,Bille Woodruff
804,Vadim Perelman
805,Patty Jenkins
806,John Hamburg
807,Joseph Kahn
808,Bill Fishman
809,Ramón Menéndez
810,Eric Bress
811,George Armitage
812,Bart Freundlich
813,Gavin O'Connor
814,Charles S. Dutton
815,Sara Sugarman
816,Jeff Schaffer
817,Guy Ferland
818,Kevin Allen
819,Paul Flaherty
820,Zack Snyder
821,Michel Gondry
822,D.J. Caruso
823,John Crowley
824,Christopher Erskin
825,Tommy O'Haver
826,Ken Annakin
827,Jonathan Hensleigh
828,David Mackenzie
829,Gary Winick
830,Nick Hamm
831,Steven Seagal
832,Sergey Bondarchuk
833,Clive Barker
834,Stuart Gordon
835,Jack Smight
836,Mary Agnes Donoghue
837,Tom Savini
838,Albert Magnoli
839,Jessy Terrero
840,Peter Hewitt
841,Randa Haines
842,Robert Harmon
843,Rawson Marshall Thurber
844,Adam McKay
845,Mark Rosman
846,Paul Greengrass
847,Michael Mayer
848,Bob Rafelson
849,Zach Braff
850,Nick Hurran
851,John Curran
852,Paul Abascal
853,Paul McGuigan
854,Alexander Witt
855,Kerry Conran
856,Richard Loncraine
857,Edgar Wright
858,Vicky Jenson
859,Sean McNamara
860,Trey Parker
861,Brad Anderson
862,Don Mancini
863,Beeban Kidron
864,Stephen Hillenburg
865,David S. Goyer
866,Frank Tashlin
867,Robert Lieberman
868,Lewis Milestone
869,Dick Richards
870,Peter Faiman
871,Stewart Raffill
872,Billy Weber
873,Farhan Akhtar
874,John Maybury
875,Matthew Vaughn
876,Hideo Nakata
877,Philip Saville
878,Stacy Peralta
879,Terry George
880,Geoffrey Sax
881,James Whale
882,Jean-François Richet
883,Clare Kilner
884,James Yukich
885,Florent-Emilio Siri
886,Charles Grosvenor
887,Tim Fywell
888,Henry King
889,Garth Jennings
890,Andrew Douglas
891,Jaume Collet-Serra
892,Paul Haggis
893,David Hogan
894,Ken Kwapis
895,Catherine Hardwicke
896,Mervyn LeRoy
897,Angela Robinson
898,Walter Salles
899,Craig Brewer
900,Joss Whedon
901,Mike Bigelow
902,Judd Apatow
903,Gary Chapman
904,Bruce Hunt
905,Meiert Avis
906,Fernando Meirelles
907,Liev Schreiber
908,Rob McKittrick
909,Karyn Kusama
910,Scott Derrickson
911,Robert Schwentke
912,Bennett Miller
913,Shane Black
914,Mike Marvin
915,Anand Tucker
916,Mikael Håfström
917,Joe Wright
918,Chris Columbus
919,Scott McGehee
920,Richard Shepard
921,Tommy Lee Jones
922,Susan Stroman
923,Cory Edwards
924,Justin Lin
925,Kirk Jones
926,Matthew O'Callaghan
927,Joe Roth
928,Jason Friedberg
929,Wayne Kramer
930,Tyler Perry
931,Jim Sonzero
932,James McTeigue
933,Andy Fickman
934,Jason Reitman
935,Elizabeth Allen Rosenbaum
936,Alexandre Aja
937,Liz Friedlander
938,Doug Atchison
939,William Brent Bell
940,Christian Robinson
941,Nicole Holofcener
942,Hal Sutherland
943,Steve 'Spaz' Williams
944,Christophe Gans
945,Paul Weitz
946,Karey Kirkpatrick
947,Andy García
948,Jared Hess
949,Alejandro Agresti
950,David Frankel
951,Anthony Russo
952,Jonathan Dayton
953,Gil Kenan
954,Tay Garnett
955,Gabriele Muccino
956,Brian Taylor
957,Anne Fletcher
958,Steve Pink
959,Neil Burger
960,Preston A. Whitmore II
961,Ken Loach
962,Phil Joanou
963,Steven Zaillian
964,Larry Charles
965,Jill Culton
966,Greg Coolidge
967,Ryan Murphy
968,Takashi Shimizu
969,John Bonito
970,Michael O. Sajbel
971,Todd Field
972,Kevin Macdonald
973,Tom Tykwer
974,Asif Kapadia
975,Bob Odenkirk
976,Marc Evans
977,Liam Lynch
978,Richard Eyre
979,Glen Morgan
980,Yvette Kaplan
981,Sylvain White
982,Dave Meyers
983,Gábor Csupó
984,Susannah Grant
985,Peter Webber
986,Michael Polish
987,Michael Sarne
988,Simon Brand
989,Mike Clattenburg
990,Ben Garant
991,Julian Jarrold
992,Chris Rock
993,Mennan Yapo
994,James Wan
995,Mike Binder
996,Kevin Munroe
997,Scott Frank
998,Nimród Antal
999,Jon Kasdan
1000,Steve Bendelack
1001,Shane Meadows
1002,Juan Carlos Fresnadillo
1003,Bruce A. Evans
1004,Eli Roth
1005,Ash Brannon
1006,Werner Herzog
1007,Michael Winterbottom
1008,Chris Sivertson
1009,Greg Mottola
1010,Doug Lefler
1011,Joe Nussbaum
1012,Fred Savage
1013,Oliver Hirschbiegel
1014,Philip G. Atwell
1015,Shari Springer Berman
1016,Michael Davis
1017,Mark Helfrich
1018,Peter Hedges
1019,James Gray
1020,Tony Gilroy
1021,Craig Gillespie
1022,David Slade
1023,Gavin Hood
1024,Susanne Bier
1025,Ben Affleck
1026,Andrew Dominik
1027,Darren Lynn Bousman
1028,Kirsten Sheridan
1029,Xavier Gens
1030,Franck Khalfoun
1031,Joby Harold
1032,Wong Kar-wai
1033,Colin Strause
1034,Michael Radford
1035,Matt Reeves
1036,David Moreau
1037,Martin McDonagh
1038,Pete Travis
1039,Jon M. Chu
1040,David Schwimmer
1041,Neil Marshall
1042,Jimmy Hayward
1043,Michael Haneke
1044,Marco Schnabel
1045,Dave Bullock
1046,Jeff Wadlow
1047,Noam Murro
1048,Feng Xiaogang
1049,Kimberly Peirce
1050,Erick Zonca
1051,Jennifer Flackett
1052,Nicholas Stoller
1053,Craig Mazin
1054,David Ayer
1055,Jon Hurwitz
1056,David Leland
1057,Marcel Langenegger
1058,Michael McCullers
1059,Nathan Frankowski
1060,Paul Weiland
1061,Pierre Morel
1062,Robert C. Cooper
1063,Joshua Seftel
1064,Bryan Bertino
1065,Timur Bekmambetov
1066,Jonathan Levine
1067,Eric Brevig
1068,Gillian Armstrong
1069,Kirk De Micco
1070,Chris Carter
1071,Joshua Michael Stern
1072,Ryûhei Kitamura
1073,David Gordon Green
1074,Sanaa Hamri
1075,Isabel Coixet
1076,Dave Filoni
1077,Simon Hunter
1078,Fred Wolf
1079,Peter Cattaneo
1080,Jeffrey Nachmanoff
1081,Deb Hagan
1082,Diane English
1083,Frank Miller
1084,Danny Pang
1085,Ed Harris
1086,Robert B. Weide
1087,Peter Sollett
1088,John Erick Dowdle
1089,John Hillcoat
1090,David Wain
1091,David Hackl
1092,Sean Anders
1093,Olivier Megaton
1094,Seth Gordon
1095,Mark Herman
1096,Jennifer Chambers Lynch
1097,Anthony Leondis
1098,Lexi Alexander
1099,John Patrick Shanley
1100,Clark Gregg
1101,Nick Moore
1102,Robert Stevenhagen
1103,Patrick Tatopoulos
1104,Howard McCain
1105,Toby Wilkins
1106,Thor Freudenthal
1107,Duncan Jones
1108,Jean-Marc Vallée
1109,Chris Fisher
1110,Alastair Fothergill
1111,Rian Johnson
1112,Dennis Iliadis
1113,Will Gluck
1114,Jonas Elmer
1115,Jeff Broadstreet
1116,Marc Webb
1117,Neill Blomkamp
1118,Steve Shill
1119,Todd Graff
1120,Shane Acker
1121,Christian Alvart
1122,Grant Heslov
1123,Aristomenis Tsirbas
1124,Brandon Camp
1125,Jane Campion
1126,Raymond De Felitta
1127,Drew Barrymore
1128,Ricky Gervais
1129,Ruben Fleischer
1130,Stewart Hendler
1131,Lone Scherfig
1132,Peter Billingsley
1133,Phil Traill
1134,Natalie Portman
1135,Kevin Greutert
1136,Troy Duffy
1137,David Bowers
1138,Aaron Norris
1139,Olatunde Osunsanmi
1140,Lee Daniels
1141,Oren Moverman
1142,Jorge Blanco
1143,Scott Cooper
1144,Michael Spierig
1145,Scott Stewart
1146,Tom Vaughan
1147,Glenn Ficarra
1148,Andrea Arnold
1149,Bob Gosse
1150,Alejandro Amenábar
1151,Breck Eisner
1152,Anthony Mann
1153,Jim Field Smith
1154,Daniel Barber
1155,Allen Coulter
1156,Miguel Sapochnik
1157,Agnieszka Wojtowicz-Vosloo
1158,Floria Sigismondi
1159,Michael J. Bassett
1160,Jorma Taccone
1161,Samuel Bayer
1162,Derek Cianfrance
1163,Alan Poul
1164,Lisa Cholodenko
1165,Victor Saville
1166,Susanna White
1167,Derrick Borte
1168,Anton Corbijn
1169,Josh Gordon
1170,Nanette Burstein
1171,Brad Peyton
1172,Ryan Fleck
1173,Greg Berlanti
1174,Tony Goldwyn
1175,George Hickenlooper
1176,William Monahan
1177,Daniel Barnz
1178,Stuart Beattie
1179,Richard J. Lewis
1180,John Wells
1181,John Cameron Mitchell
1182,Steve Antin
1183,Eli Craig
1184,Massy Tadjedin
1185,Sngmoo Lee
1186,Brad Furman
1187,Shana Feste
1188,Alister Grierson
1189,Michael Dowse
1190,George Nolfi
1191,John H. Lee
1192,Jonathan Liebesman
1193,Tom McCarthy
1194,Jason Winer
1195,Paul Johansson
1196,Francis Lawrence
1197,Paul Feig
1198,Christian E. Christiansen
1199,Joe Cornish
1200,Dan Rush
1201,Mike Mills
1202,J.J. Abrams
1203,Tom Hanks
1204,John Luessenhop
1205,Thomas Bezucha
1206,Nicolas Winding Refn
1207,John Michael McDonagh
1208,Stephen Anderson
1209,Ben Gluck
1210,Jesse Peretz
1211,Andy de Emmony
1212,Tate Taylor
1213,Kevin Tancharoen
1214,Steven Quale
1215,Todd Strauss-Schulson
1216,Troy Nixey
1217,Gary McKendry
1218,Michel Hazanavicius
1219,Jeff Nichols
1220,Matthijs van Heijningen Jr.
1221,Lynne Ramsay
1222,J.C. Chandor
1223,Paolo Sorrentino
1224,Steve McQueen
1225,Mark Mylod
1226,Michael Brandt
1227,Mike Gunther
1228,James Bobin
1229,Simon Curtis
1230,William Dear
1231,Ralph Fiennes
1232,Chris Gorak
1233,Rodrigo García
1234,Baltasar Kormákur
1235,Phyllida Lloyd
1236,Måns Mårlind
1237,Asger Leth
1238,Gonzalo López-Gallego
1239,Anthony Hemingway
1240,Julie Anne Robinson
1241,Josh Trank
1242,James Watkins
1243,Daniel Espinosa
1244,Michael Sucsy
1245,Nima Nourizadeh
1246,Kyle Balda
1247,Mike McCoy
1248,Phil Lord
1249,Jay Duplass
1250,Stephen St. Leger
1251,Julian Gilbey
1252,Timo Vuorensola
1253,Drew Goddard
1254,Ben Sombogaart
1255,Salim Akil
1256,Peter Lord
1257,Stephan Elliott
1258,Richard A. Colla
1259,Nick Ormerod
1260,Noel Clarke
1261,Dean Wright
1262,Lorene Scafaria
1263,Alex Kurtzman
1264,Akiva Schaffer
1265,Julie Delpy
1266,Sam Fell
1267,John Gulager
1268,Ole Bornedal
1269,Todd Lincoln 
1270,Leslye Headland
1271,Brian Klugman
1272,Jason Moore
1273,Mabrouk El Mechri
1274,Jake Schreier
1275,Nicholas Jarecki
1276,Stephen Chbosky
1277,Rodrigo Cortés
1278,Mark Tonderai
1279,Dan Cutforth
1280,Genndy Tartakovsky
1281,Mike Disa
1282,RZA
1283,Dan Bradley
1284,Scott Speer
1285,David Barrett
1286,Juan Antonio Bayona
1287,Dustin Hoffman
1288,Max Giwa
1289,Nick Love
1290,Ariel Vromen
1291,Andy Muschietti
1292,Allen Hughes
1293,Tommy Wirkola
1294,Shim Hyung-Rae
1295,Zal Batmanglij
1296,Juan Diego Solanas
1297,Jon Lucas
1298,John Hyams
1299,Callan Brunker
1300,Ric Roman Waugh
1301,Ed Gass-Donnelly
1302,Park Chan-wook
1303,Don Scardino
1304,Harmony Korine
1305,Fede Alvarez
1306,Henry Alex Rubin
1307,Seth Rogen
1308,Rob Epstein
1309,Jim Rash
1310,Justin Zackham
1311,Giuseppe Tornatore
1312,Steven Knight
1313,James Ponsoldt
1314,Declan Lowney
1315,Keanu Reeves
1316,Klay Hall
1317,Scott Walker
1318,Dito Montiel
1319,Denis Villeneuve
1320,Jerusha Hess
1321,Benson Lee
1322,Cody Cameron
1323,Jon S. Baird
1324,David E. Talbert
1325,Ken Scott
1326,Justin Chadwick
1327,Josh Schwartz
1328,Philipp Stölzl
1329,Vladimir Grammatikov
1330,Jonathan Teplitzky
1331,Matt Bettinelli-Olpin
1332,Robert Resnikoff
1333,Jay Oliva
1334,Yılmaz Erdoğan
1335,Akiva Goldsman
1336,Tom Gormican
1337,Jonathan Glazer
1338,Scott Waugh
1339,Rob Thomas
1340,Jason Bateman
1341,Christopher Spencer
1342,Guillaume Canet
1343,Mike Flanagan
1344,Harold Cronk
1345,Camille Delamarre
1346,Amma Asante
1347,Jon Erwin
1348,Dan St. Pierre
1349,John Carney
1350,Don McKellar
1351,Kasi Lemmons
1352,Jorge Dorado
1353,Roberts Gannaway
1354,Ben Kellett
1355,Ben Falcone
1356,Damien Chazelle
1357,James DeMonaco
1358,Patrick Hughes
1359,Dave Green
1360,Trish Sie
1361,David Michôd
1362,R.J. Cutler
1363,Grégory Levasseur
1364,Adam Wingard
1365,Rowan Joffe
1366,Michaël R. Roskam
1367,Wes Ball
1368,Sam Miller
1369,Israel Horovitz
1370,Anthony Stacchi
1371,Gary Shore
1372,Brian A Miller
1373,Michael Hoffman
1374,Chad Stahelski
1375,Theodore Melfi
1376,Vic Armstrong
1377,Dan Gilroy
1378,Tibor Hernádi
1379,Jorge R. Gutierrez
1380,Alex Garland
1381,Chu Yen-ping
1382,Greg McLean
1383,Neil Nightingale
1384,Philippe Caland
1385,James Marsh
1386,Russell Crowe
1387,Richard Glatzer
1388,Paul King
1389,Olivier Assayas
1390,Michael Cuesta
1391,Ava DuVernay
1392,Angelina Jolie
1393,Anthony Silverston
1394,Xavier Dolan
1395,Sergei Bodrov
1396,Ron Krauss
1397,Anthony Leonardi III
1398,Andrei Kavun
1399,Leigh Whannell
1400,S. Lee Pogostin
1401,Rupert Wyatt
1402,Ari Sandel
1403,Dean Israelite
1404,Ramin Bahrani
1405,Liv Ullmann
1406,Erik Van Looy
1407,Jeremy Garelick
1408,Paul Tibbitt
1409,Will Canon
1410,Noah Baumbach
1411,Saul Dibb
1412,Jalmari Helander
1413,Andrea Di Stefano
1414,John Derek
1415,Etan Cohen
1416,Maya Forbes
1417,Lee Toland Krieger
1418,Dan Fogelman
1419,Jim Wilson
1420,Aleksander Bach
1421,Elizabeth Banks
1422,Yorgos Lanthimos
1423,Doug Ellin
1424,Alejandro Monteverde
1425,Michael Dougherty
1426,Sanjay Gadhvi
1427,Seth MacFarlane
1428,Burny Mattinson
1429,Justin Kurzel
1430,John Francis Daley
1431,Leena Yadav
1432,Marius Balchunas
1433,Gregory Jacobs
1434,Michael G. Bartlett
1435,Duke Johnson
1436,Florian Gallenberger
1437,Mark Neveldine
1438,Lenny Abrahamson
1439,Joel Edgerton
1440,Robert Eggers
1441,Ciaran Foy
1442,Vladimir Bortko
1443,Drake Doremus
1444,Christopher B. Landon
1445,Sarah Gavron
1446,Max Joseph
1447,Tom Hooper
1448,Jeremy Saulnier
1449,Cary Fukunaga
1450,Ilya Naishuller
1451,Mark Osborne
1452,Rob Letterman
1453,David M. Rosenthal
1454,Gregory Plotkin
1455,Patricia Riggen
1456,Peter Landesman
1457,Steve Martino
1458,Ryan Coogler
1459,Scott Mann
1460,J Blakeson
1461,James Vanderbilt
1462,Christian Ditter
1463,Mark DiSalle
1464,Michael Tiddes
1465,Tom Ford
1466,Andrew Erwin
1467,Jason Zada
1468,Trevor Wall
1469,Dexter Fletcher
1470,Dan Mazer
1471,Nate Parker
1472,Thea Sharrock
1473,Dan Trachtenberg
1474,Babak Najafi
1475,Cyrus Nowrasteh
1476,Abbas Tyrewala
1477,Noel Marshall
1478,Marc Abraham
1479,Peter Atencio
1480,Whit Stillman
1481,Jodie Foster
1482,Ross Katz
1483,Fergal Reilly
1484,Vishnuvardhan
1485,Jericca Cleland
1486,Conrad Vernon
1487,Matt Ross
1488,Dan Kwan
1489,Jake Szymanski
1490,David Lowery
1491,Henry Joost
1492,Sam Liu
1493,Johannes Roberts
1494,Dinesh D'Souza
1495,Kelly Fremon Craig
1496,Sean Ellis
1497,Simon Verhoeven
1498,Dennis Gansel
1499,Steven Hahn
1500,Travis Knight
1501,Luke Scott
1502,Russell Holt
1503,Sterling Van Wagenen
1504,Doug Sweetland
1505,Mick Jackson
1506,Kenneth Lonergan
1507,Garth Davis
1508,Farren Blackburn
1509,Pablo Larraín
1510,Anna Foerster
1511,Eran Creevy
1512,Baran bo Odar
1513,Stacy Title
1514,Chris McKay
1515,Jon Cassar
1516,F. Javier Gutiérrez
1517,Ry Russo-Young
1518,Stuart Hazeldine
1519,Ben Wheatley
1520,Dax Shepard
1521,Jeffrey Blitz
1522,Denise Di Novi
1523,David Soren
1524,Colin Trevorrow
1525,Justin Barber
1526,Lucia Aniello
1527,Eleanor Coppola
1528,Luis Prieto
1529,David Leitch
1530,Robert Clouse
1531,Nikolaj Arcel
